품목,시도,시군구,k2,시나리오,경고진입,주의진입,위험진입,식재,첫수확,수확종료,현재재배면적_ha,수확기중위험비율
밤,경북,상주시,상주,ssp245,2005,2023.0,2037.0,2026,2031,2061,7.6,80.0
밤,경북,상주시,상주,ssp585,2005,2022.0,2032.0,2026,2031,2061,7.6,96.7
밤,경북,청도군,청도,ssp245,2005,2016.0,2023.0,2026,2031,2061,22.6,100.0
밤,경북,청도군,청도,ssp585,2005,2015.0,2022.0,2026,2031,2061,22.6,100.0
밤,경남,산청군,산청,ssp245,2008,2024.0,2036.0,2026,2031,2061,195.0,83.3
밤,경남,산청군,산청,ssp585,2007,2022.0,2030.0,2026,2031,2061,195.0,100.0
밤,전남,영암군,영암,ssp245,2005,2013.0,2021.0,2026,2031,2061,,100.0
밤,전남,영암군,영암,ssp585,2005,2013.0,2020.0,2026,2031,2061,,100.0
밤,전남,순천시,순천,ssp245,2005,2005.0,2013.0,2026,2031,2061,397.5,100.0
밤,전남,순천시,순천,ssp585,2005,2005.0,2013.0,2026,2031,2061,397.5,100.0
밤,전북,완주군,완주,ssp245,2005,2017.0,2026.0,2026,2031,2061,8.0,100.0
밤,전북,완주군,완주,ssp585,2005,2016.0,2024.0,2026,2031,2061,8.0,100.0
밤,경남,하동군,하동,ssp245,2005,2005.0,2014.0,2026,2031,2061,846.5,100.0
밤,경남,하동군,하동,ssp585,2005,2005.0,2013.0,2026,2031,2061,846.5,100.0
밤,경남,함양군,함양,ssp245,2008,2024.0,2036.0,2026,2031,2061,275.0,83.3
밤,경남,함양군,함양,ssp585,2007,2022.0,2030.0,2026,2031,2061,275.0,100.0
밤,전남,장성군,장성,ssp245,2005,2019.0,2027.0,2026,2031,2061,8.6,100.0
밤,전남,장성군,장성,ssp585,2005,2018.0,2025.0,2026,2031,2061,8.6,100.0
밤,전남,구례군,구례,ssp245,2005,2014.0,2022.0,2026,2031,2061,390.5,100.0
밤,전남,구례군,구례,ssp585,2005,2013.0,2020.0,2026,2031,2061,390.5,100.0
밤,전남,곡성군,곡성,ssp245,2005,2018.0,2026.0,2026,2031,2061,20.8,100.0
밤,전남,곡성군,곡성,ssp585,2005,2016.0,2024.0,2026,2031,2061,20.8,100.0
밤,경남,진주시,진주,ssp245,2005,2017.0,2026.0,2026,2031,2061,161.8,100.0
밤,경남,진주시,진주,ssp585,2005,2016.0,2024.0,2026,2031,2061,161.8,100.0
밤,경북,구미시,구미,ssp245,2005,2018.0,2028.0,2026,2031,2061,3.9,100.0
밤,경북,구미시,구미,ssp585,2005,2017.0,2026.0,2026,2031,2061,3.9,100.0
밤,경남,밀양시,밀양,ssp245,2005,2012.0,2020.0,2026,2031,2061,61.8,100.0
밤,경남,밀양시,밀양,ssp585,2005,2012.0,2018.0,2026,2031,2061,61.8,100.0
밤,경북,의성군,의성,ssp245,2014,2033.0,2049.0,2026,2031,2061,26.7,40.0
밤,경북,의성군,의성,ssp585,2014,2029.0,2040.0,2026,2031,2061,26.7,70.0
밤,경남,함안군,함안,ssp245,2005,2016.0,2024.0,2026,2031,2061,8.1,100.0
밤,경남,함안군,함안,ssp585,2005,2015.0,2023.0,2026,2031,2061,8.1,100.0
밤,경북,김천시,김천,ssp245,2005,2020.0,2031.0,2026,2031,2061,11.4,100.0
밤,경북,김천시,김천,ssp585,2005,2019.0,2027.0,2026,2031,2061,11.4,100.0
밤,충남,논산시,논산,ssp245,2005,2021.0,2032.0,2026,2031,2061,40.3,96.7
밤,충남,논산시,논산,ssp585,2005,2020.0,2028.0,2026,2031,2061,40.3,100.0
밤,전북,순창군,순창,ssp245,2005,2018.0,2025.0,2026,2031,2061,308.9,100.0
밤,전북,순창군,순창,ssp585,2005,2016.0,2023.0,2026,2031,2061,308.9,100.0
밤,전남,나주시,나주,ssp245,2005,2013.0,2021.0,2026,2031,2061,3.3,100.0
밤,전남,나주시,나주,ssp585,2005,2012.0,2020.0,2026,2031,2061,3.3,100.0
밤,경북,예천군,예천,ssp245,2015,2037.0,2054.0,2026,2031,2061,1.7,23.3
밤,경북,예천군,예천,ssp585,2014,2031.0,2043.0,2026,2031,2061,1.7,60.0
밤,경북,문경시,문경,ssp245,2019,2045.0,2065.0,2026,2031,2061,3.5,0.0
밤,경북,문경시,문경,ssp585,2018,2037.0,2048.0,2026,2031,2061,3.5,43.3
밤,충북,옥천군,옥천,ssp245,2010,2031.0,2049.0,2026,2031,2061,6.1,40.0
밤,충북,옥천군,옥천,ssp585,2010,2027.0,2039.0,2026,2031,2061,6.1,73.3
밤,충북,보은군,보은,ssp245,2025,2057.0,,2026,2031,2061,8.8,0.0
밤,충북,보은군,보은,ssp585,2023,2044.0,2055.0,2026,2031,2061,8.8,20.0
밤,경남,의령군,의령,ssp245,2005,2019.0,2028.0,2026,2031,2061,49.1,100.0
밤,경남,의령군,의령,ssp585,2005,2017.0,2025.0,2026,2031,2061,49.1,100.0
밤,전북,정읍시,정읍,ssp245,2005,2016.0,2024.0,2026,2031,2061,5.7,100.0
밤,전북,정읍시,정읍,ssp585,2005,2015.0,2023.0,2026,2031,2061,5.7,100.0
밤,충남,부여군,부여,ssp245,2007,2023.0,2034.0,2026,2031,2061,3178.9,90.0
밤,충남,부여군,부여,ssp585,2006,2021.0,2030.0,2026,2031,2061,3178.9,100.0
밤,전북,부안군,부안,ssp245,2006,2023.0,2035.0,2026,2031,2061,,86.7
밤,전북,부안군,부안,ssp585,2006,2021.0,2030.0,2026,2031,2061,,100.0
밤,강원,강릉시,강릉,ssp245,2005,2019.0,2026.0,2026,2031,2061,15.5,100.0
밤,강원,강릉시,강릉,ssp585,2005,2018.0,2025.0,2026,2031,2061,15.5,100.0
밤,경북,경산시,경산,ssp245,2005,2005.0,2013.0,2026,2031,2061,3.3,100.0
밤,경북,경산시,경산,ssp585,2005,2005.0,2012.0,2026,2031,2061,3.3,100.0
밤,전남,보성군,보성,ssp245,2012,2026.0,2036.0,2026,2031,2061,44.0,83.3
밤,전남,보성군,보성,ssp585,2012,2024.0,2031.0,2026,2031,2061,44.0,100.0
밤,전북,고창군,고창,ssp245,2005,2020.0,2030.0,2026,2031,2061,6.8,100.0
밤,전북,고창군,고창,ssp585,2005,2018.0,2027.0,2026,2031,2061,6.8,100.0
밤,전남,무안군,무안,ssp245,2005,2019.0,2028.0,2026,2031,2061,3.5,100.0
밤,전남,무안군,무안,ssp585,2005,2018.0,2026.0,2026,2031,2061,3.5,100.0
밤,충북,충주시,충주,ssp245,2013,2036.0,2055.0,2026,2031,2061,884.9,20.0
밤,충북,충주시,충주,ssp585,2012,2030.0,2043.0,2026,2031,2061,884.9,60.0
밤,경남,합천군,합천,ssp245,2005,2018.0,2027.0,2026,2031,2061,395.6,100.0
밤,경남,합천군,합천,ssp585,2005,2017.0,2024.0,2026,2031,2061,395.6,100.0
밤,경남,거창군,거창,ssp245,2018,2039.0,2055.0,2026,2031,2061,103.3,20.0
밤,경남,거창군,거창,ssp585,2016,2032.0,2043.0,2026,2031,2061,103.3,60.0
밤,전남,영광군,영광,ssp245,2005,2020.0,2030.0,2026,2031,2061,19.9,100.0
밤,전남,영광군,영광,ssp585,2005,2018.0,2027.0,2026,2031,2061,19.9,100.0
밤,경남,창원시,창원,ssp245,2005,2007.0,2015.0,2026,2031,2061,28.3,100.0
밤,경남,창원시,창원,ssp585,2005,2007.0,2014.0,2026,2031,2061,28.3,100.0
밤,충남,공주시,공주,ssp245,2005,2020.0,2030.0,2026,2031,2061,3569.8,100.0
밤,충남,공주시,공주,ssp585,2005,2019.0,2027.0,2026,2031,2061,3569.8,100.0
밤,전남,해남군,해남,ssp245,2005,2019.0,2027.0,2026,2031,2061,,100.0
밤,전남,해남군,해남,ssp585,2005,2018.0,2025.0,2026,2031,2061,,100.0
밤,전북,남원시,남원,ssp245,2008,2024.0,2035.0,2026,2031,2061,15.6,86.7
밤,전북,남원시,남원,ssp585,2007,2022.0,2030.0,2026,2031,2061,15.6,100.0
밤,전남,강진군,강진,ssp245,2005,2013.0,2021.0,2026,2031,2061,,100.0
밤,전남,강진군,강진,ssp585,2005,2013.0,2020.0,2026,2031,2061,,100.0
밤,전북,임실군,임실,ssp245,2022,2044.0,2060.0,2026,2031,2061,36.5,3.3
밤,전북,임실군,임실,ssp585,2020,2036.0,2046.0,2026,2031,2061,36.5,50.0
밤,전북,진안군,진안,ssp245,2029,2058.0,,2026,2031,2061,1.9,0.0
밤,전북,진안군,진안,ssp585,2026,2045.0,2054.0,2026,2031,2061,1.9,23.3
밤,경북,안동시,안동,ssp245,2009,2025.0,2039.0,2026,2031,2061,1.7,73.3
밤,경북,안동시,안동,ssp585,2009,2024.0,2033.0,2026,2031,2061,1.7,93.3
밤,전남,담양군,담양,ssp245,2005,2017.0,2026.0,2026,2031,2061,8.5,100.0
밤,전남,담양군,담양,ssp585,2005,2016.0,2024.0,2026,2031,2061,8.5,100.0
밤,전북,김제시,김제,ssp245,2005,2015.0,2024.0,2026,2031,2061,0.5,100.0
밤,전북,김제시,김제,ssp585,2005,2014.0,2023.0,2026,2031,2061,0.5,100.0
밤,전남,화순군,화순,ssp245,2005,2014.0,2021.0,2026,2031,2061,3.9,100.0
밤,전남,화순군,화순,ssp585,2005,2013.0,2020.0,2026,2031,2061,3.9,100.0
밤,경남,고성군,고성,ssp245,2005,2010.0,2018.0,2026,2031,2061,63.4,100.0
밤,경남,고성군,고성,ssp585,2005,2009.0,2016.0,2026,2031,2061,63.4,100.0
밤,전북,무주군,무주,ssp245,2018,2039.0,2055.0,2026,2031,2061,3.4,20.0
밤,전북,무주군,무주,ssp585,2016,2032.0,2043.0,2026,2031,2061,3.4,60.0
밤,충남,보령시,보령,ssp245,2009,2024.0,2035.0,2026,2031,2061,65.4,86.7
밤,충남,보령시,보령,ssp585,2009,2023.0,2031.0,2026,2031,2061,65.4,100.0
밤,경북,성주군,성주,ssp245,2005,2018.0,2027.0,2026,2031,2061,1.1,100.0
밤,경북,성주군,성주,ssp585,2005,2016.0,2024.0,2026,2031,2061,1.1,100.0
밤,전남,함평군,함평,ssp245,2005,2013.0,2021.0,2026,2031,2061,0.3,100.0
밤,전남,함평군,함평,ssp585,2005,2012.0,2020.0,2026,2031,2061,0.3,100.0
밤,강원,삼척시,삼척,ssp245,2009,2024.0,2035.0,2026,2031,2061,7.9,86.7
밤,강원,삼척시,삼척,ssp585,2009,2024.0,2032.0,2026,2031,2061,7.9,96.7
밤,경북,칠곡군,칠곡,ssp245,2005,2013.0,2022.0,2026,2031,2061,1.7,100.0
밤,경북,칠곡군,칠곡,ssp585,2005,2013.0,2021.0,2026,2031,2061,1.7,100.0
밤,전북,익산시,익산,ssp245,2005,2017.0,2026.0,2026,2031,2061,6.2,100.0
밤,전북,익산시,익산,ssp585,2005,2016.0,2024.0,2026,2031,2061,6.2,100.0
밤,충남,서천군,서천,ssp245,2009,2028.0,2045.0,2026,2031,2061,166.0,53.3
밤,충남,서천군,서천,ssp585,2009,2026.0,2038.0,2026,2031,2061,166.0,76.7
밤,인천,강화군,강화,ssp245,2023,2051.0,2073.0,2026,2031,2061,5.2,0.0
밤,인천,강화군,강화,ssp585,2021,2041.0,2052.0,2026,2031,2061,5.2,30.0
밤,경북,경주시,경주,ssp245,2005,2015.0,2022.0,2026,2031,2061,7.1,100.0
밤,경북,경주시,경주,ssp585,2005,2015.0,2021.0,2026,2031,2061,7.1,100.0
밤,경남,양산시,양산,ssp245,2005,2005.0,2009.0,2026,2031,2061,25.0,100.0
밤,경남,양산시,양산,ssp585,2005,2005.0,2009.0,2026,2031,2061,25.0,100.0
밤,충남,청양군,청양,ssp245,2015,2031.0,2046.0,2026,2031,2061,1695.5,50.0
밤,충남,청양군,청양,ssp585,2014,2028.0,2038.0,2026,2031,2061,1695.5,76.7
밤,충북,괴산군,괴산,ssp245,2019,2048.0,2070.0,2026,2031,2061,4.9,0.0
밤,충북,괴산군,괴산,ssp585,2018,2038.0,2050.0,2026,2031,2061,4.9,36.7
밤,전북,군산시,군산,ssp245,2005,2025.0,2041.0,2026,2031,2061,2.6,66.7
밤,전북,군산시,군산,ssp585,2005,2023.0,2035.0,2026,2031,2061,2.6,86.7
밤,강원,양양군,양양,ssp245,2012,2027.0,2040.0,2026,2031,2061,2.8,70.0
밤,강원,양양군,양양,ssp585,2012,2026.0,2036.0,2026,2031,2061,2.8,83.3
밤,경남,창녕군,창녕,ssp245,2005,2010.0,2018.0,2026,2031,2061,2.6,100.0
밤,경남,창녕군,창녕,ssp585,2005,2010.0,2017.0,2026,2031,2061,2.6,100.0
밤,경북,울진군,울진,ssp245,2017,2034.0,2047.0,2026,2031,2061,1.1,46.7
밤,경북,울진군,울진,ssp585,2017,2030.0,2039.0,2026,2031,2061,1.1,73.3
밤,경북,영주시,영주,ssp245,2019,2042.0,2060.0,2026,2031,2061,1.9,3.3
밤,경북,영주시,영주,ssp585,2018,2035.0,2046.0,2026,2031,2061,1.9,50.0
밤,충남,예산군,예산,ssp245,2005,2019.0,2029.0,2026,2031,2061,27.7,100.0
밤,충남,예산군,예산,ssp585,2005,2018.0,2027.0,2026,2031,2061,27.7,100.0
밤,전남,고흥군,고흥,ssp245,2005,2019.0,2028.0,2026,2031,2061,5.1,100.0
밤,전남,고흥군,고흥,ssp585,2005,2018.0,2026.0,2026,2031,2061,5.1,100.0
밤,강원,동해시,동해,ssp245,2017,2035.0,2051.0,2026,2031,2061,2.2,33.3
밤,강원,동해시,동해,ssp585,2017,2033.0,2042.0,2026,2031,2061,2.2,63.3
밤,경기,김포시,김포,ssp245,2011,2037.0,2059.0,2026,2031,2061,4.2,6.7
밤,경기,김포시,김포,ssp585,2010,2032.0,2046.0,2026,2031,2061,4.2,50.0
밤,충남,천안시,천안,ssp245,2011,2030.0,2047.0,2026,2031,2061,65.6,46.7
밤,충남,천안시,천안,ssp585,2011,2027.0,2038.0,2026,2031,2061,65.6,76.7
밤,경북,영덕군,영덕,ssp245,2011,2025.0,2035.0,2026,2031,2061,0.3,86.7
밤,경북,영덕군,영덕,ssp585,2011,2024.0,2031.0,2026,2031,2061,0.3,100.0
밤,경북,영천시,영천,ssp245,2006,2020.0,2027.0,2026,2031,2061,4.3,100.0
밤,경북,영천시,영천,ssp585,2006,2019.0,2026.0,2026,2031,2061,4.3,100.0
밤,충북,청주시,청주,ssp245,2005,2014.0,2025.0,2026,2031,2061,39.5,100.0
밤,충북,청주시,청주,ssp585,2005,2014.0,2023.0,2026,2031,2061,39.5,100.0
밤,전남,목포시,목포,ssp245,2005,2015.0,2025.0,2026,2031,2061,0.6,100.0
밤,전남,목포시,목포,ssp585,2005,2015.0,2024.0,2026,2031,2061,0.6,100.0
밤,충남,금산군,금산,ssp245,2015,2036.0,2053.0,2026,2031,2061,3.1,26.7
밤,충남,금산군,금산,ssp585,2014,2031.0,2042.0,2026,2031,2061,3.1,63.3
밤,경남,거제시,거제,ssp245,2005,2014.0,2022.0,2026,2031,2061,2.6,100.0
밤,경남,거제시,거제,ssp585,2005,2013.0,2021.0,2026,2031,2061,2.6,100.0
밤,경북,포항시,포항,ssp245,2005,2008.0,2015.0,2026,2031,2061,2.2,100.0
밤,경북,포항시,포항,ssp585,2005,2008.0,2015.0,2026,2031,2061,2.2,100.0
밤,충남,아산시,아산,ssp245,2005,2023.0,2036.0,2026,2031,2061,41.7,83.3
밤,충남,아산시,아산,ssp585,2005,2021.0,2031.0,2026,2031,2061,41.7,100.0
밤,경남,통영시,통영,ssp245,2005,2014.0,2022.0,2026,2031,2061,5.0,100.0
밤,경남,통영시,통영,ssp585,2005,2013.0,2021.0,2026,2031,2061,5.0,100.0
밤,경북,고령군,고령,ssp245,2005,2020.0,2029.0,2026,2031,2061,3.5,100.0
밤,경북,고령군,고령,ssp585,2005,2018.0,2026.0,2026,2031,2061,3.5,100.0
밤,대구,군위군,군위,ssp245,2012,2027.0,2041.0,2026,2031,2061,,66.7
밤,대구,군위군,군위,ssp585,2011,2025.0,2035.0,2026,2031,2061,,86.7
밤,충남,당진시,당진,ssp245,2015,2041.0,2062.0,2026,2031,2061,8.6,0.0
밤,충남,당진시,당진,ssp585,2015,2035.0,2047.0,2026,2031,2061,8.6,46.7
밤,전남,장흥군,장흥,ssp245,2005,2018.0,2025.0,2026,2031,2061,2.2,100.0
밤,전남,장흥군,장흥,ssp585,2005,2017.0,2023.0,2026,2031,2061,2.2,100.0
밤,경남,김해시,김해,ssp245,2005,2005.0,2009.0,2026,2031,2061,17.6,100.0
밤,경남,김해시,김해,ssp585,2005,2005.0,2008.0,2026,2031,2061,17.6,100.0
밤,경기,남양주시,남양주,ssp245,2015,2040.0,2060.0,2026,2031,2061,0.8,3.3
밤,경기,남양주시,남양주,ssp585,2014,2033.0,2045.0,2026,2031,2061,0.8,53.3
밤,경기,화성시,화성,ssp245,2008,2029.0,2049.0,2026,2031,2061,22.7,40.0
밤,경기,화성시,화성,ssp585,2007,2027.0,2040.0,2026,2031,2061,22.7,70.0
밤,전남,완도군,완도,ssp245,2005,2014.0,2021.0,2026,2031,2061,,100.0
밤,전남,완도군,완도,ssp585,2005,2013.0,2021.0,2026,2031,2061,,100.0
밤,강원,속초시,속초,ssp245,2017,2034.0,2048.0,2026,2031,2061,1.0,43.3
밤,강원,속초시,속초,ssp585,2017,2032.0,2041.0,2026,2031,2061,1.0,66.7
밤,충남,계룡시,계룡,ssp245,2016,2037.0,2053.0,2026,2031,2061,14.8,26.7
밤,충남,계룡시,계룡,ssp585,2015,2031.0,2042.0,2026,2031,2061,14.8,63.3
밤,경기,용인시,용인,ssp245,2015,2036.0,2054.0,2026,2031,2061,27.1,23.3
밤,경기,용인시,용인,ssp585,2014,2031.0,2042.0,2026,2031,2061,27.1,63.3
밤,경기,오산시,오산,ssp245,2006,2025.0,2040.0,2026,2031,2061,,70.0
밤,경기,오산시,오산,ssp585,2006,2023.0,2034.0,2026,2031,2061,,90.0
밤,전남,진도군,진도,ssp245,2005,2017.0,2026.0,2026,2031,2061,1.0,100.0
밤,전남,진도군,진도,ssp585,2005,2017.0,2025.0,2026,2031,2061,1.0,100.0
밤,제주,제주시,제주,ssp245,2005,2005.0,2009.0,2026,2031,2061,,100.0
밤,제주,제주시,제주,ssp585,2005,2005.0,2009.0,2026,2031,2061,,100.0
밤,충남,서산시,서산,ssp245,2014,2033.0,2049.0,2026,2031,2061,16.1,40.0
밤,충남,서산시,서산,ssp585,2013,2029.0,2040.0,2026,2031,2061,16.1,70.0
밤,전남,여수시,여수,ssp245,2005,2012.0,2021.0,2026,2031,2061,6.8,100.0
밤,전남,여수시,여수,ssp585,2005,2012.0,2020.0,2026,2031,2061,6.8,100.0
밤,경기,안성시,안성,ssp245,2005,2019.0,2030.0,2026,2031,2061,9.2,100.0
밤,경기,안성시,안성,ssp585,2005,2018.0,2027.0,2026,2031,2061,9.2,100.0
밤,경기,안산시,안산,ssp245,2016,2047.0,2072.0,2026,2031,2061,,0.0
밤,경기,안산시,안산,ssp585,2015,2039.0,2051.0,2026,2031,2061,,33.3
밤,전북,장수군,장수,ssp245,2034,2066.0,,2026,2031,2061,0.8,0.0
밤,전북,장수군,장수,ssp585,2029,2048.0,2057.0,2026,2031,2061,0.8,13.3
밤,경북,청송군,청송,ssp245,2020,2038.0,2051.0,2026,2031,2061,0.2,33.3
밤,경북,청송군,청송,ssp585,2019,2033.0,2041.0,2026,2031,2061,0.2,66.7
밤,경남,남해군,남해,ssp245,2005,2011.0,2018.0,2026,2031,2061,2.8,100.0
밤,경남,남해군,남해,ssp585,2005,2010.0,2017.0,2026,2031,2061,2.8,100.0
밤,충북,진천군,진천,ssp245,2016,2039.0,2057.0,2026,2031,2061,1.0,13.3
밤,충북,진천군,진천,ssp585,2015,2034.0,2045.0,2026,2031,2061,1.0,53.3
밤,경기,의왕시,의왕,ssp245,2012,2029.0,2044.0,2026,2031,2061,1.6,56.7
밤,경기,의왕시,의왕,ssp585,2012,2026.0,2036.0,2026,2031,2061,1.6,83.3
밤,경기,시흥시,시흥,ssp245,2005,2022.0,2037.0,2026,2031,2061,6.4,80.0
밤,경기,시흥시,시흥,ssp585,2005,2020.0,2032.0,2026,2031,2061,6.4,96.7
밤,충북,단양군,단양,ssp245,2013,2033.0,2051.0,2026,2031,2061,3.5,33.3
밤,충북,단양군,단양,ssp585,2012,2029.0,2041.0,2026,2031,2061,3.5,66.7
밤,충남,태안군,태안,ssp245,2007,2027.0,2043.0,2026,2031,2061,5.2,60.0
밤,충남,태안군,태안,ssp585,2007,2025.0,2037.0,2026,2031,2061,5.2,80.0
밤,경기,고양시,고양,ssp245,2009,2033.0,2053.0,2026,2031,2061,18.8,26.7
밤,경기,고양시,고양,ssp585,2009,2029.0,2042.0,2026,2031,2061,18.8,63.3
밤,경북,영양군,영양,ssp245,2023,2043.0,2056.0,2026,2031,2061,0.1,16.7
밤,경북,영양군,영양,ssp585,2022,2037.0,2045.0,2026,2031,2061,0.1,53.3
밤,경북,봉화군,봉화,ssp245,2042,2073.0,,2026,2031,2061,3.0,0.0
밤,경북,봉화군,봉화,ssp585,2036,2052.0,2060.0,2026,2031,2061,3.0,3.3
밤,경기,부천시,부천,ssp245,2005,2012.0,2023.0,2026,2031,2061,,100.0
밤,경기,부천시,부천,ssp585,2005,2011.0,2022.0,2026,2031,2061,,100.0
밤,충북,제천시,제천,ssp245,2035,2073.0,,2026,2031,2061,10.3,0.0
밤,충북,제천시,제천,ssp585,2030,2051.0,2061.0,2026,2031,2061,10.3,0.0
밤,경기,의정부시,의정부,ssp245,2012,2035.0,2053.0,2026,2031,2061,0.8,26.7
밤,경기,의정부시,의정부,ssp585,2011,2030.0,2042.0,2026,2031,2061,0.8,63.3
밤,충북,증평군,증평,ssp245,2011,2033.0,2052.0,2026,2031,2061,0.4,30.0
밤,충북,증평군,증평,ssp585,2011,2029.0,2041.0,2026,2031,2061,0.4,66.7
밤,경기,수원시,수원,ssp245,2005,2021.0,2032.0,2026,2031,2061,12.8,96.7
밤,경기,수원시,수원,ssp585,2005,2019.0,2028.0,2026,2031,2061,12.8,100.0
밤,충북,음성군,음성,ssp245,2023,2054.0,2077.0,2026,2031,2061,19.8,0.0
밤,충북,음성군,음성,ssp585,2021,2042.0,2053.0,2026,2031,2061,19.8,26.7
밤,경기,하남시,하남,ssp245,2005,2021.0,2033.0,2026,2031,2061,0.9,93.3
밤,경기,하남시,하남,ssp585,2005,2019.0,2029.0,2026,2031,2061,0.9,100.0
밤,경기,평택시,평택,ssp245,2005,2016.0,2027.0,2026,2031,2061,6.5,100.0
밤,경기,평택시,평택,ssp585,2005,2015.0,2025.0,2026,2031,2061,6.5,100.0
밤,경기,양평군,양평,ssp245,2011,2031.0,2049.0,2026,2031,2061,10.0,40.0
밤,경기,양평군,양평,ssp585,2011,2028.0,2040.0,2026,2031,2061,10.0,70.0
밤,경기,광명시,광명,ssp245,2005,2007.0,2018.0,2026,2031,2061,,100.0
밤,경기,광명시,광명,ssp585,2005,2007.0,2017.0,2026,2031,2061,,100.0
밤,경기,광주시,광주,ssp245,2005,2008.0,2018.0,2026,2031,2061,2.0,100.0
밤,경기,광주시,광주,ssp585,2005,2008.0,2017.0,2026,2031,2061,2.0,100.0
밤,경기,이천시,이천,ssp245,2013,2035.0,2054.0,2026,2031,2061,2.9,23.3
밤,경기,이천시,이천,ssp585,2012,2031.0,2043.0,2026,2031,2061,2.9,60.0
밤,경기,파주시,파주,ssp245,2022,2053.0,2077.0,2026,2031,2061,1.3,0.0
밤,경기,파주시,파주,ssp585,2020,2042.0,2053.0,2026,2031,2061,1.3,26.7
밤,경기,군포시,군포,ssp245,2005,2011.0,2020.0,2026,2031,2061,4.8,100.0
밤,경기,군포시,군포,ssp585,2005,2011.0,2019.0,2026,2031,2061,4.8,100.0
밤,경기,과천시,과천,ssp245,2005,2021.0,2031.0,2026,2031,2061,,100.0
밤,경기,과천시,과천,ssp585,2005,2019.0,2028.0,2026,2031,2061,,100.0
밤,강원,인제군,인제,ssp245,2029,2057.0,2077.0,2026,2031,2061,8.6,0.0
밤,강원,인제군,인제,ssp585,2027,2045.0,2054.0,2026,2031,2061,8.6,23.3
밤,경기,여주시,여주,ssp245,2012,2034.0,2053.0,2026,2031,2061,1.0,26.7
밤,경기,여주시,여주,ssp585,2011,2030.0,2042.0,2026,2031,2061,1.0,63.3
밤,강원,원주시,원주,ssp245,2008,2028.0,2046.0,2026,2031,2061,69.7,50.0
밤,강원,원주시,원주,ssp585,2008,2025.0,2037.0,2026,2031,2061,69.7,80.0
밤,경기,포천시,포천,ssp245,2012,2035.0,2054.0,2026,2031,2061,5.9,23.3
밤,경기,포천시,포천,ssp585,2012,2030.0,2042.0,2026,2031,2061,5.9,63.3
밤,강원,홍천군,홍천,ssp245,2020,2045.0,2064.0,2026,2031,2061,0.0,0.0
밤,강원,홍천군,홍천,ssp585,2019,2037.0,2048.0,2026,2031,2061,0.0,43.3
밤,강원,영월군,영월,ssp245,2021,2046.0,2066.0,2026,2031,2061,3.0,0.0
밤,강원,영월군,영월,ssp585,2020,2038.0,2049.0,2026,2031,2061,3.0,40.0
밤,강원,춘천시,춘천,ssp245,2013,2034.0,2051.0,2026,2031,2061,20.9,33.3
밤,강원,춘천시,춘천,ssp585,2012,2030.0,2041.0,2026,2031,2061,20.9,66.7
밤,경기,양주시,양주,ssp245,2015,2038.0,2058.0,2026,2031,2061,1.3,10.0
밤,경기,양주시,양주,ssp585,2014,2032.0,2044.0,2026,2031,2061,1.3,56.7
밤,강원,화천군,화천,ssp245,2024,2053.0,2075.0,2026,2031,2061,1.7,0.0
밤,강원,화천군,화천,ssp585,2023,2042.0,2052.0,2026,2031,2061,1.7,30.0
밤,경기,동두천시,동두천,ssp245,2015,2040.0,2059.0,2026,2031,2061,1.5,6.7
밤,경기,동두천시,동두천,ssp585,2014,2033.0,2045.0,2026,2031,2061,1.5,53.3
밤,강원,정선군,정선,ssp245,2025,2051.0,2070.0,2026,2031,2061,,0.0
밤,강원,정선군,정선,ssp585,2024,2041.0,2050.0,2026,2031,2061,,36.7
밤,강원,평창군,평창,ssp245,2035,2068.0,,2026,2031,2061,1.0,0.0
밤,강원,평창군,평창,ssp585,2031,2050.0,2059.0,2026,2031,2061,1.0,6.7
밤,강원,태백시,태백,ssp245,2058,,,2026,2031,2061,,0.0
밤,강원,태백시,태백,ssp585,2045,2059.0,2065.0,2026,2031,2061,,0.0
밤,경기,구리시,구리,ssp245,2005,2018.0,2029.0,2026,2031,2061,2.7,100.0
밤,경기,구리시,구리,ssp585,2005,2016.0,2026.0,2026,2031,2061,2.7,100.0
밤,경기,성남시,성남,ssp245,2005,2012.0,2021.0,2026,2031,2061,,100.0
밤,경기,성남시,성남,ssp585,2005,2011.0,2020.0,2026,2031,2061,,100.0
밤,제주,서귀포시,서귀포,ssp245,2005,2005.0,2005.0,2026,2031,2061,,100.0
밤,제주,서귀포시,서귀포,ssp585,2005,2005.0,2005.0,2026,2031,2061,,100.0
밤,강원,횡성군,횡성,ssp245,2019,2044.0,2065.0,2026,2031,2061,4.8,0.0
밤,강원,횡성군,횡성,ssp585,2017,2037.0,2048.0,2026,2031,2061,4.8,43.3
대추,경북,상주시,상주,ssp245,2005,2030.0,2037.0,2026,2029,2054,13.4,68.0
대추,경북,상주시,상주,ssp585,2005,2027.0,2032.0,2026,2029,2054,13.4,88.0
대추,경북,청도군,청도,ssp245,2005,2020.0,2023.0,2026,2029,2054,249.5,100.0
대추,경북,청도군,청도,ssp585,2005,2019.0,2022.0,2026,2029,2054,249.5,100.0
대추,경남,산청군,산청,ssp245,2006,2030.0,2036.0,2026,2029,2054,1.2,72.0
대추,경남,산청군,산청,ssp585,2006,2026.0,2030.0,2026,2029,2054,1.2,96.0
대추,전남,영암군,영암,ssp245,2005,2018.0,2021.0,2026,2029,2054,0.3,100.0
대추,전남,영암군,영암,ssp585,2005,2017.0,2020.0,2026,2029,2054,0.3,100.0
대추,전남,순천시,순천,ssp245,2005,2010.0,2013.0,2026,2029,2054,5.0,100.0
대추,전남,순천시,순천,ssp585,2005,2009.0,2013.0,2026,2029,2054,5.0,100.0
대추,전북,완주군,완주,ssp245,2005,2022.0,2026.0,2026,2029,2054,28.8,100.0
대추,전북,완주군,완주,ssp585,2005,2020.0,2024.0,2026,2029,2054,28.8,100.0
대추,경남,하동군,하동,ssp245,2005,2010.0,2014.0,2026,2029,2054,1.1,100.0
대추,경남,하동군,하동,ssp585,2005,2010.0,2013.0,2026,2029,2054,1.1,100.0
대추,경남,함양군,함양,ssp245,2006,2030.0,2036.0,2026,2029,2054,2.3,72.0
대추,경남,함양군,함양,ssp585,2006,2026.0,2030.0,2026,2029,2054,2.3,96.0
대추,전남,장성군,장성,ssp245,2005,2023.0,2027.0,2026,2029,2054,5.8,100.0
대추,전남,장성군,장성,ssp585,2005,2022.0,2025.0,2026,2029,2054,5.8,100.0
대추,전남,구례군,구례,ssp245,2005,2018.0,2022.0,2026,2029,2054,3.9,100.0
대추,전남,구례군,구례,ssp585,2005,2017.0,2020.0,2026,2029,2054,3.9,100.0
대추,전남,곡성군,곡성,ssp245,2005,2022.0,2026.0,2026,2029,2054,5.0,100.0
대추,전남,곡성군,곡성,ssp585,2005,2020.0,2024.0,2026,2029,2054,5.0,100.0
대추,경남,진주시,진주,ssp245,2005,2023.0,2026.0,2026,2029,2054,11.1,100.0
대추,경남,진주시,진주,ssp585,2005,2021.0,2024.0,2026,2029,2054,11.1,100.0
대추,경북,구미시,구미,ssp245,2005,2024.0,2028.0,2026,2029,2054,16.8,100.0
대추,경북,구미시,구미,ssp585,2005,2022.0,2026.0,2026,2029,2054,16.8,100.0
대추,경남,밀양시,밀양,ssp245,2005,2016.0,2020.0,2026,2029,2054,160.0,100.0
대추,경남,밀양시,밀양,ssp585,2005,2015.0,2018.0,2026,2029,2054,160.0,100.0
대추,경북,의성군,의성,ssp245,2013,2042.0,2049.0,2026,2029,2054,34.2,20.0
대추,경북,의성군,의성,ssp585,2012,2035.0,2040.0,2026,2029,2054,34.2,56.0
대추,경남,함안군,함안,ssp245,2005,2021.0,2024.0,2026,2029,2054,3.5,100.0
대추,경남,함안군,함안,ssp585,2005,2019.0,2023.0,2026,2029,2054,3.5,100.0
대추,경북,김천시,김천,ssp245,2005,2026.0,2031.0,2026,2029,2054,8.2,92.0
대추,경북,김천시,김천,ssp585,2005,2023.0,2027.0,2026,2029,2054,8.2,100.0
대추,충남,논산시,논산,ssp245,2005,2027.0,2032.0,2026,2029,2054,26.3,88.0
대추,충남,논산시,논산,ssp585,2005,2024.0,2028.0,2026,2029,2054,26.3,100.0
대추,전북,순창군,순창,ssp245,2005,2022.0,2025.0,2026,2029,2054,11.6,100.0
대추,전북,순창군,순창,ssp585,2005,2020.0,2023.0,2026,2029,2054,11.6,100.0
대추,전남,나주시,나주,ssp245,2005,2017.0,2021.0,2026,2029,2054,5.9,100.0
대추,전남,나주시,나주,ssp585,2005,2016.0,2020.0,2026,2029,2054,5.9,100.0
대추,경북,예천군,예천,ssp245,2014,2046.0,2054.0,2026,2029,2054,29.0,0.0
대추,경북,예천군,예천,ssp585,2013,2038.0,2043.0,2026,2029,2054,29.0,44.0
대추,경북,문경시,문경,ssp245,2018,2055.0,2065.0,2026,2029,2054,9.4,0.0
대추,경북,문경시,문경,ssp585,2016,2043.0,2048.0,2026,2029,2054,9.4,24.0
대추,충북,옥천군,옥천,ssp245,2009,2041.0,2049.0,2026,2029,2054,18.1,20.0
대추,충북,옥천군,옥천,ssp585,2008,2034.0,2039.0,2026,2029,2054,18.1,60.0
대추,충북,보은군,보은,ssp245,2024,2071.0,,2026,2029,2054,369.1,0.0
대추,충북,보은군,보은,ssp585,2022,2050.0,2055.0,2026,2029,2054,369.1,0.0
대추,경남,의령군,의령,ssp245,2005,2024.0,2028.0,2026,2029,2054,1.6,100.0
대추,경남,의령군,의령,ssp585,2005,2022.0,2025.0,2026,2029,2054,1.6,100.0
대추,전북,정읍시,정읍,ssp245,2005,2021.0,2024.0,2026,2029,2054,14.9,100.0
대추,전북,정읍시,정읍,ssp585,2005,2019.0,2023.0,2026,2029,2054,14.9,100.0
대추,충남,부여군,부여,ssp245,2005,2028.0,2034.0,2026,2029,2054,104.7,80.0
대추,충남,부여군,부여,ssp585,2005,2026.0,2030.0,2026,2029,2054,104.7,96.0
대추,전북,부안군,부안,ssp245,2005,2028.0,2035.0,2026,2029,2054,3.3,76.0
대추,전북,부안군,부안,ssp585,2005,2026.0,2030.0,2026,2029,2054,3.3,96.0
대추,강원,강릉시,강릉,ssp245,2005,2023.0,2026.0,2026,2029,2054,2.3,100.0
대추,강원,강릉시,강릉,ssp585,2005,2022.0,2025.0,2026,2029,2054,2.3,100.0
대추,경북,경산시,경산,ssp245,2005,2010.0,2013.0,2026,2029,2054,366.1,100.0
대추,경북,경산시,경산,ssp585,2005,2009.0,2012.0,2026,2029,2054,366.1,100.0
대추,전남,보성군,보성,ssp245,2011,2031.0,2036.0,2026,2029,2054,1.4,72.0
대추,전남,보성군,보성,ssp585,2011,2028.0,2031.0,2026,2029,2054,1.4,92.0
대추,전북,고창군,고창,ssp245,2005,2025.0,2030.0,2026,2029,2054,5.3,96.0
대추,전북,고창군,고창,ssp585,2005,2023.0,2027.0,2026,2029,2054,5.3,100.0
대추,전남,무안군,무안,ssp245,2005,2024.0,2028.0,2026,2029,2054,0.3,100.0
대추,전남,무안군,무안,ssp585,2005,2023.0,2026.0,2026,2029,2054,0.3,100.0
대추,충북,충주시,충주,ssp245,2011,2047.0,2055.0,2026,2029,2054,25.6,0.0
대추,충북,충주시,충주,ssp585,2011,2038.0,2043.0,2026,2029,2054,25.6,44.0
대추,경남,합천군,합천,ssp245,2005,2023.0,2027.0,2026,2029,2054,5.0,100.0
대추,경남,합천군,합천,ssp585,2005,2021.0,2024.0,2026,2029,2054,5.0,100.0
대추,경남,거창군,거창,ssp245,2016,2048.0,2055.0,2026,2029,2054,2.0,0.0
대추,경남,거창군,거창,ssp585,2015,2039.0,2043.0,2026,2029,2054,2.0,44.0
대추,전남,영광군,영광,ssp245,2005,2025.0,2030.0,2026,2029,2054,9.2,96.0
대추,전남,영광군,영광,ssp585,2005,2023.0,2027.0,2026,2029,2054,9.2,100.0
대추,경남,창원시,창원,ssp245,2005,2012.0,2015.0,2026,2029,2054,11.3,100.0
대추,경남,창원시,창원,ssp585,2005,2011.0,2014.0,2026,2029,2054,11.3,100.0
대추,충남,공주시,공주,ssp245,2005,2025.0,2030.0,2026,2029,2054,32.3,96.0
대추,충남,공주시,공주,ssp585,2005,2023.0,2027.0,2026,2029,2054,32.3,100.0
대추,전남,해남군,해남,ssp245,2005,2023.0,2027.0,2026,2029,2054,,100.0
대추,전남,해남군,해남,ssp585,2005,2022.0,2025.0,2026,2029,2054,,100.0
대추,전북,남원시,남원,ssp245,2006,2029.0,2035.0,2026,2029,2054,10.8,76.0
대추,전북,남원시,남원,ssp585,2006,2026.0,2030.0,2026,2029,2054,10.8,96.0
대추,전남,강진군,강진,ssp245,2005,2018.0,2021.0,2026,2029,2054,0.8,100.0
대추,전남,강진군,강진,ssp585,2005,2017.0,2020.0,2026,2029,2054,0.8,100.0
대추,전북,임실군,임실,ssp245,2021,2053.0,2060.0,2026,2029,2054,2.7,0.0
대추,전북,임실군,임실,ssp585,2019,2042.0,2046.0,2026,2029,2054,2.7,32.0
대추,전북,진안군,진안,ssp245,2027,2071.0,,2026,2029,2054,3.2,0.0
대추,전북,진안군,진안,ssp585,2025,2050.0,2054.0,2026,2029,2054,3.2,0.0
대추,경북,안동시,안동,ssp245,2008,2032.0,2039.0,2026,2029,2054,17.8,60.0
대추,경북,안동시,안동,ssp585,2008,2029.0,2033.0,2026,2029,2054,17.8,84.0
대추,전남,담양군,담양,ssp245,2005,2022.0,2026.0,2026,2029,2054,7.7,100.0
대추,전남,담양군,담양,ssp585,2005,2021.0,2024.0,2026,2029,2054,7.7,100.0
대추,전북,김제시,김제,ssp245,2005,2020.0,2024.0,2026,2029,2054,5.4,100.0
대추,전북,김제시,김제,ssp585,2005,2019.0,2023.0,2026,2029,2054,5.4,100.0
대추,전남,화순군,화순,ssp245,2005,2018.0,2021.0,2026,2029,2054,2.4,100.0
대추,전남,화순군,화순,ssp585,2005,2017.0,2020.0,2026,2029,2054,2.4,100.0
대추,경남,고성군,고성,ssp245,2005,2014.0,2018.0,2026,2029,2054,1.5,100.0
대추,경남,고성군,고성,ssp585,2005,2013.0,2016.0,2026,2029,2054,1.5,100.0
대추,전북,무주군,무주,ssp245,2016,2048.0,2055.0,2026,2029,2054,11.7,0.0
대추,전북,무주군,무주,ssp585,2015,2038.0,2043.0,2026,2029,2054,11.7,44.0
대추,충남,보령시,보령,ssp245,2008,2029.0,2035.0,2026,2029,2054,5.4,76.0
대추,충남,보령시,보령,ssp585,2008,2027.0,2031.0,2026,2029,2054,5.4,92.0
대추,경북,성주군,성주,ssp245,2005,2023.0,2027.0,2026,2029,2054,1.5,100.0
대추,경북,성주군,성주,ssp585,2005,2021.0,2024.0,2026,2029,2054,1.5,100.0
대추,전남,함평군,함평,ssp245,2005,2018.0,2021.0,2026,2029,2054,7.1,100.0
대추,전남,함평군,함평,ssp585,2005,2017.0,2020.0,2026,2029,2054,7.1,100.0
대추,강원,삼척시,삼척,ssp245,2008,2029.0,2035.0,2026,2029,2054,2.0,76.0
대추,강원,삼척시,삼척,ssp585,2008,2028.0,2032.0,2026,2029,2054,2.0,88.0
대추,경북,칠곡군,칠곡,ssp245,2005,2018.0,2022.0,2026,2029,2054,6.3,100.0
대추,경북,칠곡군,칠곡,ssp585,2005,2017.0,2021.0,2026,2029,2054,6.3,100.0
대추,전북,익산시,익산,ssp245,2005,2022.0,2026.0,2026,2029,2054,5.2,100.0
대추,전북,익산시,익산,ssp585,2005,2021.0,2024.0,2026,2029,2054,5.2,100.0
대추,충남,서천군,서천,ssp245,2008,2038.0,2045.0,2026,2029,2054,1.7,36.0
대추,충남,서천군,서천,ssp585,2007,2032.0,2038.0,2026,2029,2054,1.7,64.0
대추,인천,강화군,강화,ssp245,2021,2064.0,2073.0,2026,2029,2054,2.2,0.0
대추,인천,강화군,강화,ssp585,2020,2047.0,2052.0,2026,2029,2054,2.2,8.0
대추,경북,경주시,경주,ssp245,2005,2019.0,2022.0,2026,2029,2054,11.8,100.0
대추,경북,경주시,경주,ssp585,2005,2018.0,2021.0,2026,2029,2054,11.8,100.0
대추,경남,양산시,양산,ssp245,2005,2007.0,2009.0,2026,2029,2054,2.6,100.0
대추,경남,양산시,양산,ssp585,2005,2007.0,2009.0,2026,2029,2054,2.6,100.0
대추,충남,청양군,청양,ssp245,2013,2039.0,2046.0,2026,2029,2054,12.2,32.0
대추,충남,청양군,청양,ssp585,2013,2034.0,2038.0,2026,2029,2054,12.2,64.0
대추,충북,괴산군,괴산,ssp245,2018,2059.0,2070.0,2026,2029,2054,10.4,0.0
대추,충북,괴산군,괴산,ssp585,2016,2045.0,2050.0,2026,2029,2054,10.4,16.0
대추,전북,군산시,군산,ssp245,2005,2033.0,2041.0,2026,2029,2054,1.3,52.0
대추,전북,군산시,군산,ssp585,2005,2029.0,2035.0,2026,2029,2054,1.3,76.0
대추,강원,양양군,양양,ssp245,2011,2034.0,2040.0,2026,2029,2054,1.4,56.0
대추,강원,양양군,양양,ssp585,2011,2032.0,2036.0,2026,2029,2054,1.4,72.0
대추,경남,창녕군,창녕,ssp245,2005,2015.0,2018.0,2026,2029,2054,1.7,100.0
대추,경남,창녕군,창녕,ssp585,2005,2014.0,2017.0,2026,2029,2054,1.7,100.0
대추,경북,울진군,울진,ssp245,2016,2041.0,2047.0,2026,2029,2054,2.5,28.0
대추,경북,울진군,울진,ssp585,2016,2035.0,2039.0,2026,2029,2054,2.5,60.0
대추,경북,영주시,영주,ssp245,2017,2052.0,2060.0,2026,2029,2054,11.8,0.0
대추,경북,영주시,영주,ssp585,2016,2042.0,2046.0,2026,2029,2054,11.8,32.0
대추,충남,예산군,예산,ssp245,2005,2025.0,2029.0,2026,2029,2054,4.9,100.0
대추,충남,예산군,예산,ssp585,2005,2023.0,2027.0,2026,2029,2054,4.9,100.0
대추,전남,고흥군,고흥,ssp245,2005,2024.0,2028.0,2026,2029,2054,,100.0
대추,전남,고흥군,고흥,ssp585,2005,2023.0,2026.0,2026,2029,2054,,100.0
대추,강원,동해시,동해,ssp245,2016,2044.0,2051.0,2026,2029,2054,0.8,12.0
대추,강원,동해시,동해,ssp585,2016,2038.0,2042.0,2026,2029,2054,0.8,48.0
대추,경기,김포시,김포,ssp245,2009,2049.0,2059.0,2026,2029,2054,5.6,0.0
대추,경기,김포시,김포,ssp585,2009,2040.0,2046.0,2026,2029,2054,5.6,32.0
대추,충남,천안시,천안,ssp245,2010,2040.0,2047.0,2026,2029,2054,32.3,28.0
대추,충남,천안시,천안,ssp585,2010,2034.0,2038.0,2026,2029,2054,32.3,64.0
대추,경북,영덕군,영덕,ssp245,2010,2030.0,2035.0,2026,2029,2054,1.6,76.0
대추,경북,영덕군,영덕,ssp585,2010,2028.0,2031.0,2026,2029,2054,1.6,92.0
대추,경북,영천시,영천,ssp245,2005,2024.0,2027.0,2026,2029,2054,34.9,100.0
대추,경북,영천시,영천,ssp585,2005,2023.0,2026.0,2026,2029,2054,34.9,100.0
대추,충북,청주시,청주,ssp245,2005,2020.0,2025.0,2026,2029,2054,60.7,100.0
대추,충북,청주시,청주,ssp585,2005,2019.0,2023.0,2026,2029,2054,60.7,100.0
대추,전남,목포시,목포,ssp245,2005,2021.0,2025.0,2026,2029,2054,0.9,100.0
대추,전남,목포시,목포,ssp585,2005,2020.0,2024.0,2026,2029,2054,0.9,100.0
대추,충남,금산군,금산,ssp245,2014,2045.0,2053.0,2026,2029,2054,10.5,4.0
대추,충남,금산군,금산,ssp585,2013,2038.0,2042.0,2026,2029,2054,10.5,48.0
대추,경남,거제시,거제,ssp245,2005,2019.0,2022.0,2026,2029,2054,1.6,100.0
대추,경남,거제시,거제,ssp585,2005,2018.0,2021.0,2026,2029,2054,1.6,100.0
대추,경북,포항시,포항,ssp245,2005,2012.0,2015.0,2026,2029,2054,16.3,100.0
대추,경북,포항시,포항,ssp585,2005,2012.0,2015.0,2026,2029,2054,16.3,100.0
대추,충남,아산시,아산,ssp245,2005,2029.0,2036.0,2026,2029,2054,10.8,72.0
대추,충남,아산시,아산,ssp585,2005,2027.0,2031.0,2026,2029,2054,10.8,92.0
대추,경남,통영시,통영,ssp245,2005,2018.0,2022.0,2026,2029,2054,0.8,100.0
대추,경남,통영시,통영,ssp585,2005,2017.0,2021.0,2026,2029,2054,0.8,100.0
대추,경북,고령군,고령,ssp245,2005,2025.0,2029.0,2026,2029,2054,1.2,100.0
대추,경북,고령군,고령,ssp585,2005,2023.0,2026.0,2026,2029,2054,1.2,100.0
대추,대구,군위군,군위,ssp245,2010,2035.0,2041.0,2026,2029,2054,,52.0
대추,대구,군위군,군위,ssp585,2010,2030.0,2035.0,2026,2029,2054,,76.0
대추,충남,당진시,당진,ssp245,2014,2053.0,2062.0,2026,2029,2054,3.8,0.0
대추,충남,당진시,당진,ssp585,2013,2042.0,2047.0,2026,2029,2054,3.8,28.0
대추,전남,장흥군,장흥,ssp245,2005,2022.0,2025.0,2026,2029,2054,3.5,100.0
대추,전남,장흥군,장흥,ssp585,2005,2021.0,2023.0,2026,2029,2054,3.5,100.0
대추,경남,김해시,김해,ssp245,2005,2005.0,2009.0,2026,2029,2054,15.5,100.0
대추,경남,김해시,김해,ssp585,2005,2005.0,2008.0,2026,2029,2054,15.5,100.0
대추,경기,남양주시,남양주,ssp245,2014,2051.0,2060.0,2026,2029,2054,10.0,0.0
대추,경기,남양주시,남양주,ssp585,2013,2040.0,2045.0,2026,2029,2054,10.0,36.0
대추,경기,화성시,화성,ssp245,2006,2040.0,2049.0,2026,2029,2054,11.6,20.0
대추,경기,화성시,화성,ssp585,2006,2034.0,2040.0,2026,2029,2054,11.6,56.0
대추,전남,완도군,완도,ssp245,2005,2018.0,2021.0,2026,2029,2054,,100.0
대추,전남,완도군,완도,ssp585,2005,2017.0,2021.0,2026,2029,2054,,100.0
대추,강원,속초시,속초,ssp245,2016,2042.0,2048.0,2026,2029,2054,0.2,24.0
대추,강원,속초시,속초,ssp585,2015,2037.0,2041.0,2026,2029,2054,0.2,52.0
대추,충남,계룡시,계룡,ssp245,2014,2046.0,2053.0,2026,2029,2054,2.7,4.0
대추,충남,계룡시,계룡,ssp585,2013,2037.0,2042.0,2026,2029,2054,2.7,48.0
대추,경기,용인시,용인,ssp245,2014,2046.0,2054.0,2026,2029,2054,11.2,0.0
대추,경기,용인시,용인,ssp585,2013,2038.0,2042.0,2026,2029,2054,11.2,48.0
대추,경기,오산시,오산,ssp245,2005,2032.0,2040.0,2026,2029,2054,1.3,56.0
대추,경기,오산시,오산,ssp585,2005,2028.0,2034.0,2026,2029,2054,1.3,80.0
대추,전남,진도군,진도,ssp245,2005,2023.0,2026.0,2026,2029,2054,0.1,100.0
대추,전남,진도군,진도,ssp585,2005,2021.0,2025.0,2026,2029,2054,0.1,100.0
대추,제주,제주시,제주,ssp245,2005,2005.0,2009.0,2026,2029,2054,1.6,100.0
대추,제주,제주시,제주,ssp585,2005,2005.0,2009.0,2026,2029,2054,1.6,100.0
대추,충남,서산시,서산,ssp245,2012,2041.0,2049.0,2026,2029,2054,4.4,20.0
대추,충남,서산시,서산,ssp585,2012,2035.0,2040.0,2026,2029,2054,4.4,56.0
대추,전남,여수시,여수,ssp245,2005,2017.0,2021.0,2026,2029,2054,2.4,100.0
대추,전남,여수시,여수,ssp585,2005,2017.0,2020.0,2026,2029,2054,2.4,100.0
대추,경기,안성시,안성,ssp245,2005,2025.0,2030.0,2026,2029,2054,16.2,96.0
대추,경기,안성시,안성,ssp585,2005,2023.0,2027.0,2026,2029,2054,16.2,100.0
대추,경기,안산시,안산,ssp245,2015,2060.0,2072.0,2026,2029,2054,5.2,0.0
대추,경기,안산시,안산,ssp585,2014,2046.0,2051.0,2026,2029,2054,5.2,12.0
대추,전북,장수군,장수,ssp245,2032,2077.0,,2026,2029,2054,0.6,0.0
대추,전북,장수군,장수,ssp585,2028,2053.0,2057.0,2026,2029,2054,0.6,0.0
대추,경북,청송군,청송,ssp245,2019,2045.0,2051.0,2026,2029,2054,30.9,12.0
대추,경북,청송군,청송,ssp585,2018,2038.0,2041.0,2026,2029,2054,30.9,52.0
대추,경남,남해군,남해,ssp245,2005,2015.0,2018.0,2026,2029,2054,0.2,100.0
대추,경남,남해군,남해,ssp585,2005,2014.0,2017.0,2026,2029,2054,0.2,100.0
대추,충북,진천군,진천,ssp245,2015,2050.0,2057.0,2026,2029,2054,10.0,0.0
대추,충북,진천군,진천,ssp585,2014,2040.0,2045.0,2026,2029,2054,10.0,36.0
대추,경기,의왕시,의왕,ssp245,2011,2037.0,2044.0,2026,2029,2054,1.0,40.0
대추,경기,의왕시,의왕,ssp585,2010,2032.0,2036.0,2026,2029,2054,1.0,72.0
대추,경기,시흥시,시흥,ssp245,2005,2029.0,2037.0,2026,2029,2054,4.2,68.0
대추,경기,시흥시,시흥,ssp585,2005,2027.0,2032.0,2026,2029,2054,4.2,88.0
대추,충북,단양군,단양,ssp245,2011,2043.0,2051.0,2026,2029,2054,8.8,12.0
대추,충북,단양군,단양,ssp585,2011,2036.0,2041.0,2026,2029,2054,8.8,52.0
대추,충남,태안군,태안,ssp245,2006,2036.0,2043.0,2026,2029,2054,1.5,44.0
대추,충남,태안군,태안,ssp585,2006,2032.0,2037.0,2026,2029,2054,1.5,68.0
대추,경기,고양시,고양,ssp245,2008,2044.0,2053.0,2026,2029,2054,8.1,4.0
대추,경기,고양시,고양,ssp585,2008,2037.0,2042.0,2026,2029,2054,8.1,48.0
대추,경북,영양군,영양,ssp245,2022,2051.0,2056.0,2026,2029,2054,4.0,0.0
대추,경북,영양군,영양,ssp585,2021,2042.0,2045.0,2026,2029,2054,4.0,36.0
대추,경북,봉화군,봉화,ssp245,2040,,,2026,2029,2054,21.5,0.0
대추,경북,봉화군,봉화,ssp585,2034,2057.0,2060.0,2026,2029,2054,21.5,0.0
대추,경기,부천시,부천,ssp245,2005,2018.0,2023.0,2026,2029,2054,3.4,100.0
대추,경기,부천시,부천,ssp585,2005,2017.0,2022.0,2026,2029,2054,3.4,100.0
대추,충북,제천시,제천,ssp245,2033,,,2026,2029,2054,14.3,0.0
대추,충북,제천시,제천,ssp585,2028,2057.0,2061.0,2026,2029,2054,14.3,0.0
대추,경기,의정부시,의정부,ssp245,2010,2045.0,2053.0,2026,2029,2054,2.7,4.0
대추,경기,의정부시,의정부,ssp585,2010,2037.0,2042.0,2026,2029,2054,2.7,48.0
대추,충북,증평군,증평,ssp245,2010,2044.0,2052.0,2026,2029,2054,6.1,8.0
대추,충북,증평군,증평,ssp585,2009,2036.0,2041.0,2026,2029,2054,6.1,52.0
대추,경기,수원시,수원,ssp245,2005,2026.0,2032.0,2026,2029,2054,11.4,88.0
대추,경기,수원시,수원,ssp585,2005,2024.0,2028.0,2026,2029,2054,11.4,100.0
대추,충북,음성군,음성,ssp245,2021,2067.0,2077.0,2026,2029,2054,15.0,0.0
대추,충북,음성군,음성,ssp585,2019,2049.0,2053.0,2026,2029,2054,15.0,4.0
대추,경기,하남시,하남,ssp245,2005,2027.0,2033.0,2026,2029,2054,2.2,84.0
대추,경기,하남시,하남,ssp585,2005,2025.0,2029.0,2026,2029,2054,2.2,100.0
대추,경기,평택시,평택,ssp245,2005,2022.0,2027.0,2026,2029,2054,10.0,100.0
대추,경기,평택시,평택,ssp585,2005,2021.0,2025.0,2026,2029,2054,10.0,100.0
대추,경기,양평군,양평,ssp245,2010,2041.0,2049.0,2026,2029,2054,8.4,20.0
대추,경기,양평군,양평,ssp585,2009,2035.0,2040.0,2026,2029,2054,8.4,56.0
대추,경기,광명시,광명,ssp245,2005,2013.0,2018.0,2026,2029,2054,,100.0
대추,경기,광명시,광명,ssp585,2005,2013.0,2017.0,2026,2029,2054,,100.0
대추,경기,광주시,광주,ssp245,2005,2014.0,2018.0,2026,2029,2054,7.5,100.0
대추,경기,광주시,광주,ssp585,2005,2013.0,2017.0,2026,2029,2054,7.5,100.0
대추,경기,이천시,이천,ssp245,2012,2046.0,2054.0,2026,2029,2054,8.3,0.0
대추,경기,이천시,이천,ssp585,2011,2038.0,2043.0,2026,2029,2054,8.3,44.0
대추,경기,파주시,파주,ssp245,2020,2067.0,2077.0,2026,2029,2054,14.9,0.0
대추,경기,파주시,파주,ssp585,2019,2049.0,2053.0,2026,2029,2054,14.9,4.0
대추,경기,군포시,군포,ssp245,2005,2016.0,2020.0,2026,2029,2054,4.0,100.0
대추,경기,군포시,군포,ssp585,2005,2015.0,2019.0,2026,2029,2054,4.0,100.0
대추,경기,과천시,과천,ssp245,2005,2026.0,2031.0,2026,2029,2054,0.1,92.0
대추,경기,과천시,과천,ssp585,2005,2024.0,2028.0,2026,2029,2054,0.1,100.0
대추,강원,인제군,인제,ssp245,2027,2069.0,2077.0,2026,2029,2054,3.7,0.0
대추,강원,인제군,인제,ssp585,2026,2050.0,2054.0,2026,2029,2054,3.7,0.0
대추,경기,여주시,여주,ssp245,2011,2045.0,2053.0,2026,2029,2054,2.9,4.0
대추,경기,여주시,여주,ssp585,2010,2037.0,2042.0,2026,2029,2054,2.9,48.0
대추,강원,원주시,원주,ssp245,2007,2038.0,2046.0,2026,2029,2054,16.1,32.0
대추,강원,원주시,원주,ssp585,2007,2032.0,2037.0,2026,2029,2054,16.1,68.0
대추,경기,포천시,포천,ssp245,2011,2045.0,2054.0,2026,2029,2054,11.4,0.0
대추,경기,포천시,포천,ssp585,2010,2037.0,2042.0,2026,2029,2054,11.4,48.0
대추,강원,홍천군,홍천,ssp245,2019,2055.0,2064.0,2026,2029,2054,12.1,0.0
대추,강원,홍천군,홍천,ssp585,2018,2043.0,2048.0,2026,2029,2054,12.1,24.0
대추,강원,영월군,영월,ssp245,2019,2056.0,2066.0,2026,2029,2054,4.1,0.0
대추,강원,영월군,영월,ssp585,2018,2045.0,2049.0,2026,2029,2054,4.1,20.0
대추,강원,춘천시,춘천,ssp245,2012,2044.0,2051.0,2026,2029,2054,16.1,12.0
대추,강원,춘천시,춘천,ssp585,2011,2036.0,2041.0,2026,2029,2054,16.1,52.0
대추,경기,양주시,양주,ssp245,2013,2049.0,2058.0,2026,2029,2054,2.8,0.0
대추,경기,양주시,양주,ssp585,2012,2039.0,2044.0,2026,2029,2054,2.8,40.0
대추,강원,화천군,화천,ssp245,2023,2065.0,2075.0,2026,2029,2054,7.1,0.0
대추,강원,화천군,화천,ssp585,2022,2048.0,2052.0,2026,2029,2054,7.1,8.0
대추,경기,동두천시,동두천,ssp245,2014,2051.0,2059.0,2026,2029,2054,1.7,0.0
대추,경기,동두천시,동두천,ssp585,2013,2040.0,2045.0,2026,2029,2054,1.7,36.0
대추,강원,정선군,정선,ssp245,2024,2060.0,2070.0,2026,2029,2054,2.6,0.0
대추,강원,정선군,정선,ssp585,2023,2047.0,2050.0,2026,2029,2054,2.6,16.0
대추,강원,평창군,평창,ssp245,2033,,,2026,2029,2054,6.7,0.0
대추,강원,평창군,평창,ssp585,2030,2055.0,2059.0,2026,2029,2054,6.7,0.0
대추,강원,태백시,태백,ssp245,2056,,,2026,2029,2054,0.2,0.0
대추,강원,태백시,태백,ssp585,2044,2062.0,2065.0,2026,2029,2054,0.2,0.0
대추,경기,구리시,구리,ssp245,2005,2024.0,2029.0,2026,2029,2054,1.8,100.0
대추,경기,구리시,구리,ssp585,2005,2022.0,2026.0,2026,2029,2054,1.8,100.0
대추,경기,성남시,성남,ssp245,2005,2017.0,2021.0,2026,2029,2054,1.9,100.0
대추,경기,성남시,성남,ssp585,2005,2016.0,2020.0,2026,2029,2054,1.9,100.0
대추,제주,서귀포시,서귀포,ssp245,2005,2005.0,2005.0,2026,2029,2054,0.9,100.0
대추,제주,서귀포시,서귀포,ssp585,2005,2005.0,2005.0,2026,2029,2054,0.9,100.0
대추,강원,횡성군,횡성,ssp245,2017,2055.0,2065.0,2026,2029,2054,6.2,0.0
대추,강원,횡성군,횡성,ssp585,2016,2043.0,2048.0,2026,2029,2054,6.2,24.0
감,경북,상주시,상주,ssp245,2009,2030.0,2037.0,2026,2031,2061,1167.7,80.0
감,경북,상주시,상주,ssp585,2009,2027.0,2032.0,2026,2031,2061,1167.7,96.7
감,경북,청도군,청도,ssp245,2006,2020.0,2023.0,2026,2031,2061,1352.3,100.0
감,경북,청도군,청도,ssp585,2006,2019.0,2022.0,2026,2031,2061,1352.3,100.0
감,경남,산청군,산청,ssp245,2011,2030.0,2036.0,2026,2031,2061,464.8,83.3
감,경남,산청군,산청,ssp585,2011,2026.0,2030.0,2026,2031,2061,464.8,100.0
감,전남,영암군,영암,ssp245,2005,2018.0,2021.0,2026,2031,2061,493.8,100.0
감,전남,영암군,영암,ssp585,2005,2017.0,2020.0,2026,2031,2061,493.8,100.0
감,전남,순천시,순천,ssp245,2005,2010.0,2013.0,2026,2031,2061,165.6,100.0
감,전남,순천시,순천,ssp585,2005,2009.0,2013.0,2026,2031,2061,165.6,100.0
감,전북,완주군,완주,ssp245,2005,2022.0,2026.0,2026,2031,2061,227.3,100.0
감,전북,완주군,완주,ssp585,2005,2020.0,2024.0,2026,2031,2061,227.3,100.0
감,경남,하동군,하동,ssp245,2005,2010.0,2014.0,2026,2031,2061,539.4,100.0
감,경남,하동군,하동,ssp585,2005,2010.0,2013.0,2026,2031,2061,539.4,100.0
감,경남,함양군,함양,ssp245,2011,2030.0,2036.0,2026,2031,2061,93.8,83.3
감,경남,함양군,함양,ssp585,2011,2026.0,2030.0,2026,2031,2061,93.8,100.0
감,전남,장성군,장성,ssp245,2008,2023.0,2027.0,2026,2031,2061,152.3,100.0
감,전남,장성군,장성,ssp585,2008,2022.0,2025.0,2026,2031,2061,152.3,100.0
감,전남,구례군,구례,ssp245,2005,2018.0,2022.0,2026,2031,2061,186.2,100.0
감,전남,구례군,구례,ssp585,2005,2017.0,2020.0,2026,2031,2061,186.2,100.0
감,전남,곡성군,곡성,ssp245,2006,2022.0,2026.0,2026,2031,2061,106.3,100.0
감,전남,곡성군,곡성,ssp585,2006,2020.0,2024.0,2026,2031,2061,106.3,100.0
감,경남,진주시,진주,ssp245,2005,2023.0,2026.0,2026,2031,2061,188.2,100.0
감,경남,진주시,진주,ssp585,2005,2021.0,2024.0,2026,2031,2061,188.2,100.0
감,경북,구미시,구미,ssp245,2005,2024.0,2028.0,2026,2031,2061,141.4,100.0
감,경북,구미시,구미,ssp585,2005,2022.0,2026.0,2026,2031,2061,141.4,100.0
감,경남,밀양시,밀양,ssp245,2005,2016.0,2020.0,2026,2031,2061,191.2,100.0
감,경남,밀양시,밀양,ssp585,2005,2015.0,2018.0,2026,2031,2061,191.2,100.0
감,경북,의성군,의성,ssp245,2018,2042.0,2049.0,2026,2031,2061,36.6,40.0
감,경북,의성군,의성,ssp585,2017,2035.0,2040.0,2026,2031,2061,36.6,70.0
감,경남,함안군,함안,ssp245,2005,2021.0,2024.0,2026,2031,2061,109.2,100.0
감,경남,함안군,함안,ssp585,2005,2019.0,2023.0,2026,2031,2061,109.2,100.0
감,경북,김천시,김천,ssp245,2007,2026.0,2031.0,2026,2031,2061,128.1,100.0
감,경북,김천시,김천,ssp585,2006,2023.0,2027.0,2026,2031,2061,128.1,100.0
감,충남,논산시,논산,ssp245,2008,2027.0,2032.0,2026,2031,2061,75.5,96.7
감,충남,논산시,논산,ssp585,2008,2024.0,2028.0,2026,2031,2061,75.5,100.0
감,전북,순창군,순창,ssp245,2007,2022.0,2025.0,2026,2031,2061,27.6,100.0
감,전북,순창군,순창,ssp585,2007,2020.0,2023.0,2026,2031,2061,27.6,100.0
감,전남,나주시,나주,ssp245,2005,2017.0,2021.0,2026,2031,2061,86.6,100.0
감,전남,나주시,나주,ssp585,2005,2016.0,2020.0,2026,2031,2061,86.6,100.0
감,경북,예천군,예천,ssp245,2019,2046.0,2054.0,2026,2031,2061,75.3,23.3
감,경북,예천군,예천,ssp585,2018,2038.0,2043.0,2026,2031,2061,75.3,60.0
감,경북,문경시,문경,ssp245,2023,2055.0,2065.0,2026,2031,2061,73.1,0.0
감,경북,문경시,문경,ssp585,2022,2043.0,2048.0,2026,2031,2061,73.1,43.3
감,충북,옥천군,옥천,ssp245,2015,2041.0,2049.0,2026,2031,2061,48.0,40.0
감,충북,옥천군,옥천,ssp585,2014,2034.0,2039.0,2026,2031,2061,48.0,73.3
감,충북,보은군,보은,ssp245,2031,2071.0,,2026,2031,2061,32.0,0.0
감,충북,보은군,보은,ssp585,2027,2050.0,2055.0,2026,2031,2061,32.0,20.0
감,경남,의령군,의령,ssp245,2006,2024.0,2028.0,2026,2031,2061,72.8,100.0
감,경남,의령군,의령,ssp585,2006,2022.0,2025.0,2026,2031,2061,72.8,100.0
감,전북,정읍시,정읍,ssp245,2005,2021.0,2024.0,2026,2031,2061,86.0,100.0
감,전북,정읍시,정읍,ssp585,2005,2019.0,2023.0,2026,2031,2061,86.0,100.0
감,충남,부여군,부여,ssp245,2010,2028.0,2034.0,2026,2031,2061,22.7,90.0
감,충남,부여군,부여,ssp585,2010,2026.0,2030.0,2026,2031,2061,22.7,100.0
감,전북,부안군,부안,ssp245,2010,2028.0,2035.0,2026,2031,2061,47.1,86.7
감,전북,부안군,부안,ssp585,2009,2026.0,2030.0,2026,2031,2061,47.1,100.0
감,강원,강릉시,강릉,ssp245,2008,2023.0,2026.0,2026,2031,2061,59.0,100.0
감,강원,강릉시,강릉,ssp585,2008,2022.0,2025.0,2026,2031,2061,59.0,100.0
감,경북,경산시,경산,ssp245,2005,2010.0,2013.0,2026,2031,2061,45.3,100.0
감,경북,경산시,경산,ssp585,2005,2009.0,2012.0,2026,2031,2061,45.3,100.0
감,전남,보성군,보성,ssp245,2015,2031.0,2036.0,2026,2031,2061,16.4,83.3
감,전남,보성군,보성,ssp585,2015,2028.0,2031.0,2026,2031,2061,16.4,100.0
감,전북,고창군,고창,ssp245,2006,2025.0,2030.0,2026,2031,2061,42.0,100.0
감,전북,고창군,고창,ssp585,2006,2023.0,2027.0,2026,2031,2061,42.0,100.0
감,전남,무안군,무안,ssp245,2006,2024.0,2028.0,2026,2031,2061,18.8,100.0
감,전남,무안군,무안,ssp585,2006,2023.0,2026.0,2026,2031,2061,18.8,100.0
감,충북,충주시,충주,ssp245,2017,2047.0,2055.0,2026,2031,2061,14.0,20.0
감,충북,충주시,충주,ssp585,2016,2038.0,2043.0,2026,2031,2061,14.0,60.0
감,경남,합천군,합천,ssp245,2005,2023.0,2027.0,2026,2031,2061,35.6,100.0
감,경남,합천군,합천,ssp585,2005,2021.0,2024.0,2026,2031,2061,35.6,100.0
감,경남,거창군,거창,ssp245,2022,2048.0,2055.0,2026,2031,2061,5.2,20.0
감,경남,거창군,거창,ssp585,2020,2039.0,2043.0,2026,2031,2061,5.2,60.0
감,전남,영광군,영광,ssp245,2006,2025.0,2030.0,2026,2031,2061,40.5,100.0
감,전남,영광군,영광,ssp585,2006,2023.0,2027.0,2026,2031,2061,40.5,100.0
감,경남,창원시,창원,ssp245,2005,2012.0,2015.0,2026,2031,2061,48.5,100.0
감,경남,창원시,창원,ssp585,2005,2011.0,2014.0,2026,2031,2061,48.5,100.0
감,충남,공주시,공주,ssp245,2007,2025.0,2030.0,2026,2031,2061,16.5,100.0
감,충남,공주시,공주,ssp585,2007,2023.0,2027.0,2026,2031,2061,16.5,100.0
감,전남,해남군,해남,ssp245,2007,2023.0,2027.0,2026,2031,2061,14.1,100.0
감,전남,해남군,해남,ssp585,2007,2022.0,2025.0,2026,2031,2061,14.1,100.0
감,전북,남원시,남원,ssp245,2011,2029.0,2035.0,2026,2031,2061,14.1,86.7
감,전북,남원시,남원,ssp585,2011,2026.0,2030.0,2026,2031,2061,14.1,100.0
감,전남,강진군,강진,ssp245,2005,2018.0,2021.0,2026,2031,2061,18.1,100.0
감,전남,강진군,강진,ssp585,2005,2017.0,2020.0,2026,2031,2061,18.1,100.0
감,전북,임실군,임실,ssp245,2025,2053.0,2060.0,2026,2031,2061,17.4,3.3
감,전북,임실군,임실,ssp585,2023,2042.0,2046.0,2026,2031,2061,17.4,50.0
감,전북,진안군,진안,ssp245,2035,2071.0,,2026,2031,2061,5.8,0.0
감,전북,진안군,진안,ssp585,2030,2050.0,2054.0,2026,2031,2061,5.8,23.3
감,경북,안동시,안동,ssp245,2013,2032.0,2039.0,2026,2031,2061,10.3,73.3
감,경북,안동시,안동,ssp585,2012,2029.0,2033.0,2026,2031,2061,10.3,93.3
감,전남,담양군,담양,ssp245,2006,2022.0,2026.0,2026,2031,2061,11.0,100.0
감,전남,담양군,담양,ssp585,2006,2021.0,2024.0,2026,2031,2061,11.0,100.0
감,전북,김제시,김제,ssp245,2005,2020.0,2024.0,2026,2031,2061,20.4,100.0
감,전북,김제시,김제,ssp585,2005,2019.0,2023.0,2026,2031,2061,20.4,100.0
감,전남,화순군,화순,ssp245,2005,2018.0,2021.0,2026,2031,2061,30.7,100.0
감,전남,화순군,화순,ssp585,2005,2017.0,2020.0,2026,2031,2061,30.7,100.0
감,경남,고성군,고성,ssp245,2005,2014.0,2018.0,2026,2031,2061,24.6,100.0
감,경남,고성군,고성,ssp585,2005,2013.0,2016.0,2026,2031,2061,24.6,100.0
감,전북,무주군,무주,ssp245,2022,2048.0,2055.0,2026,2031,2061,8.8,20.0
감,전북,무주군,무주,ssp585,2020,2038.0,2043.0,2026,2031,2061,8.8,60.0
감,충남,보령시,보령,ssp245,2013,2029.0,2035.0,2026,2031,2061,21.4,86.7
감,충남,보령시,보령,ssp585,2012,2027.0,2031.0,2026,2031,2061,21.4,100.0
감,경북,성주군,성주,ssp245,2005,2023.0,2027.0,2026,2031,2061,8.8,100.0
감,경북,성주군,성주,ssp585,2005,2021.0,2024.0,2026,2031,2061,8.8,100.0
감,전남,함평군,함평,ssp245,2005,2018.0,2021.0,2026,2031,2061,18.9,100.0
감,전남,함평군,함평,ssp585,2005,2017.0,2020.0,2026,2031,2061,18.9,100.0
감,강원,삼척시,삼척,ssp245,2013,2029.0,2035.0,2026,2031,2061,25.9,86.7
감,강원,삼척시,삼척,ssp585,2012,2028.0,2032.0,2026,2031,2061,25.9,96.7
감,경북,칠곡군,칠곡,ssp245,2005,2018.0,2022.0,2026,2031,2061,24.2,100.0
감,경북,칠곡군,칠곡,ssp585,2005,2017.0,2021.0,2026,2031,2061,24.2,100.0
감,전북,익산시,익산,ssp245,2005,2022.0,2026.0,2026,2031,2061,24.3,100.0
감,전북,익산시,익산,ssp585,2005,2021.0,2024.0,2026,2031,2061,24.3,100.0
감,충남,서천군,서천,ssp245,2014,2038.0,2045.0,2026,2031,2061,5.2,53.3
감,충남,서천군,서천,ssp585,2013,2032.0,2038.0,2026,2031,2061,5.2,76.7
감,인천,강화군,강화,ssp245,2027,2064.0,2073.0,2026,2031,2061,21.6,0.0
감,인천,강화군,강화,ssp585,2025,2047.0,2052.0,2026,2031,2061,21.6,30.0
감,경북,경주시,경주,ssp245,2006,2019.0,2022.0,2026,2031,2061,8.4,100.0
감,경북,경주시,경주,ssp585,2006,2018.0,2021.0,2026,2031,2061,8.4,100.0
감,경남,양산시,양산,ssp245,2005,2007.0,2009.0,2026,2031,2061,8.8,100.0
감,경남,양산시,양산,ssp585,2005,2007.0,2009.0,2026,2031,2061,8.8,100.0
감,충남,청양군,청양,ssp245,2018,2039.0,2046.0,2026,2031,2061,6.6,50.0
감,충남,청양군,청양,ssp585,2017,2034.0,2038.0,2026,2031,2061,6.6,76.7
감,충북,괴산군,괴산,ssp245,2024,2059.0,2070.0,2026,2031,2061,4.4,0.0
감,충북,괴산군,괴산,ssp585,2022,2045.0,2050.0,2026,2031,2061,4.4,36.7
감,전북,군산시,군산,ssp245,2009,2033.0,2041.0,2026,2031,2061,3.2,66.7
감,전북,군산시,군산,ssp585,2009,2029.0,2035.0,2026,2031,2061,3.2,86.7
감,강원,양양군,양양,ssp245,2015,2034.0,2040.0,2026,2031,2061,18.3,70.0
감,강원,양양군,양양,ssp585,2015,2032.0,2036.0,2026,2031,2061,18.3,83.3
감,경남,창녕군,창녕,ssp245,2005,2015.0,2018.0,2026,2031,2061,11.6,100.0
감,경남,창녕군,창녕,ssp585,2005,2014.0,2017.0,2026,2031,2061,11.6,100.0
감,경북,울진군,울진,ssp245,2021,2041.0,2047.0,2026,2031,2061,13.6,46.7
감,경북,울진군,울진,ssp585,2020,2035.0,2039.0,2026,2031,2061,13.6,73.3
감,경북,영주시,영주,ssp245,2023,2052.0,2060.0,2026,2031,2061,3.3,3.3
감,경북,영주시,영주,ssp585,2021,2042.0,2046.0,2026,2031,2061,3.3,50.0
감,충남,예산군,예산,ssp245,2006,2025.0,2029.0,2026,2031,2061,8.5,100.0
감,충남,예산군,예산,ssp585,2006,2023.0,2027.0,2026,2031,2061,8.5,100.0
감,전남,고흥군,고흥,ssp245,2007,2024.0,2028.0,2026,2031,2061,8.0,100.0
감,전남,고흥군,고흥,ssp585,2007,2023.0,2026.0,2026,2031,2061,8.0,100.0
감,강원,동해시,동해,ssp245,2021,2044.0,2051.0,2026,2031,2061,9.9,33.3
감,강원,동해시,동해,ssp585,2021,2038.0,2042.0,2026,2031,2061,9.9,63.3
감,경기,김포시,김포,ssp245,2016,2049.0,2059.0,2026,2031,2061,1.5,6.7
감,경기,김포시,김포,ssp585,2015,2040.0,2046.0,2026,2031,2061,1.5,50.0
감,충남,천안시,천안,ssp245,2016,2040.0,2047.0,2026,2031,2061,7.3,46.7
감,충남,천안시,천안,ssp585,2015,2034.0,2038.0,2026,2031,2061,7.3,76.7
감,경북,영덕군,영덕,ssp245,2014,2030.0,2035.0,2026,2031,2061,8.9,86.7
감,경북,영덕군,영덕,ssp585,2014,2028.0,2031.0,2026,2031,2061,8.9,100.0
감,경북,영천시,영천,ssp245,2010,2024.0,2027.0,2026,2031,2061,9.8,100.0
감,경북,영천시,영천,ssp585,2009,2023.0,2026.0,2026,2031,2061,9.8,100.0
감,충북,청주시,청주,ssp245,2005,2020.0,2025.0,2026,2031,2061,15.2,100.0
감,충북,청주시,청주,ssp585,2005,2019.0,2023.0,2026,2031,2061,15.2,100.0
감,전남,목포시,목포,ssp245,2005,2021.0,2025.0,2026,2031,2061,10.0,100.0
감,전남,목포시,목포,ssp585,2005,2020.0,2024.0,2026,2031,2061,10.0,100.0
감,충남,금산군,금산,ssp245,2019,2045.0,2053.0,2026,2031,2061,6.0,26.7
감,충남,금산군,금산,ssp585,2018,2038.0,2042.0,2026,2031,2061,6.0,63.3
감,경남,거제시,거제,ssp245,2005,2019.0,2022.0,2026,2031,2061,14.3,100.0
감,경남,거제시,거제,ssp585,2005,2018.0,2021.0,2026,2031,2061,14.3,100.0
감,경북,포항시,포항,ssp245,2005,2012.0,2015.0,2026,2031,2061,23.6,100.0
감,경북,포항시,포항,ssp585,2005,2012.0,2015.0,2026,2031,2061,23.6,100.0
감,충남,아산시,아산,ssp245,2009,2029.0,2036.0,2026,2031,2061,11.6,83.3
감,충남,아산시,아산,ssp585,2008,2027.0,2031.0,2026,2031,2061,11.6,100.0
감,경남,통영시,통영,ssp245,2005,2018.0,2022.0,2026,2031,2061,1.2,100.0
감,경남,통영시,통영,ssp585,2005,2017.0,2021.0,2026,2031,2061,1.2,100.0
감,경북,고령군,고령,ssp245,2007,2025.0,2029.0,2026,2031,2061,2.3,100.0
감,경북,고령군,고령,ssp585,2007,2023.0,2026.0,2026,2031,2061,2.3,100.0
감,대구,군위군,군위,ssp245,2015,2035.0,2041.0,2026,2031,2061,,66.7
감,대구,군위군,군위,ssp585,2014,2030.0,2035.0,2026,2031,2061,,86.7
감,충남,당진시,당진,ssp245,2020,2053.0,2062.0,2026,2031,2061,21.3,0.0
감,충남,당진시,당진,ssp585,2019,2042.0,2047.0,2026,2031,2061,21.3,46.7
감,전남,장흥군,장흥,ssp245,2008,2022.0,2025.0,2026,2031,2061,18.9,100.0
감,전남,장흥군,장흥,ssp585,2008,2021.0,2023.0,2026,2031,2061,18.9,100.0
감,경남,김해시,김해,ssp245,2005,2005.0,2009.0,2026,2031,2061,38.3,100.0
감,경남,김해시,김해,ssp585,2005,2005.0,2008.0,2026,2031,2061,38.3,100.0
감,경기,남양주시,남양주,ssp245,2020,2051.0,2060.0,2026,2031,2061,0.6,3.3
감,경기,남양주시,남양주,ssp585,2018,2040.0,2045.0,2026,2031,2061,0.6,53.3
감,경기,화성시,화성,ssp245,2012,2040.0,2049.0,2026,2031,2061,2.6,40.0
감,경기,화성시,화성,ssp585,2012,2034.0,2040.0,2026,2031,2061,2.6,70.0
감,전남,완도군,완도,ssp245,2005,2018.0,2021.0,2026,2031,2061,2.6,100.0
감,전남,완도군,완도,ssp585,2005,2017.0,2021.0,2026,2031,2061,2.6,100.0
감,강원,속초시,속초,ssp245,2020,2042.0,2048.0,2026,2031,2061,2.2,43.3
감,강원,속초시,속초,ssp585,2020,2037.0,2041.0,2026,2031,2061,2.2,66.7
감,충남,계룡시,계룡,ssp245,2020,2046.0,2053.0,2026,2031,2061,4.0,26.7
감,충남,계룡시,계룡,ssp585,2018,2037.0,2042.0,2026,2031,2061,4.0,63.3
감,경기,용인시,용인,ssp245,2019,2046.0,2054.0,2026,2031,2061,4.1,23.3
감,경기,용인시,용인,ssp585,2018,2038.0,2042.0,2026,2031,2061,4.1,63.3
감,경기,오산시,오산,ssp245,2010,2032.0,2040.0,2026,2031,2061,0.1,70.0
감,경기,오산시,오산,ssp585,2010,2028.0,2034.0,2026,2031,2061,0.1,90.0
감,전남,진도군,진도,ssp245,2005,2023.0,2026.0,2026,2031,2061,3.1,100.0
감,전남,진도군,진도,ssp585,2005,2021.0,2025.0,2026,2031,2061,3.1,100.0
감,제주,제주시,제주,ssp245,2005,2005.0,2009.0,2026,2031,2061,8.4,100.0
감,제주,제주시,제주,ssp585,2005,2005.0,2009.0,2026,2031,2061,8.4,100.0
감,충남,서산시,서산,ssp245,2018,2041.0,2049.0,2026,2031,2061,1.5,40.0
감,충남,서산시,서산,ssp585,2017,2035.0,2040.0,2026,2031,2061,1.5,70.0
감,전남,여수시,여수,ssp245,2005,2017.0,2021.0,2026,2031,2061,10.0,100.0
감,전남,여수시,여수,ssp585,2005,2017.0,2020.0,2026,2031,2061,10.0,100.0
감,경기,안성시,안성,ssp245,2005,2025.0,2030.0,2026,2031,2061,1.9,100.0
감,경기,안성시,안성,ssp585,2005,2023.0,2027.0,2026,2031,2061,1.9,100.0
감,경기,안산시,안산,ssp245,2022,2060.0,2072.0,2026,2031,2061,0.9,0.0
감,경기,안산시,안산,ssp585,2020,2046.0,2051.0,2026,2031,2061,0.9,33.3
감,전북,장수군,장수,ssp245,2041,2077.0,,2026,2031,2061,1.0,0.0
감,전북,장수군,장수,ssp585,2034,2053.0,2057.0,2026,2031,2061,1.0,13.3
감,경북,청송군,청송,ssp245,2023,2045.0,2051.0,2026,2031,2061,0.1,33.3
감,경북,청송군,청송,ssp585,2022,2038.0,2041.0,2026,2031,2061,0.1,66.7
감,경남,남해군,남해,ssp245,2005,2015.0,2018.0,2026,2031,2061,2.7,100.0
감,경남,남해군,남해,ssp585,2005,2014.0,2017.0,2026,2031,2061,2.7,100.0
감,충북,진천군,진천,ssp245,2020,2050.0,2057.0,2026,2031,2061,,13.3
감,충북,진천군,진천,ssp585,2019,2040.0,2045.0,2026,2031,2061,,53.3
감,경기,의왕시,의왕,ssp245,2016,2037.0,2044.0,2026,2031,2061,0.4,56.7
감,경기,의왕시,의왕,ssp585,2015,2032.0,2036.0,2026,2031,2061,0.4,83.3
감,경기,시흥시,시흥,ssp245,2005,2029.0,2037.0,2026,2031,2061,0.1,80.0
감,경기,시흥시,시흥,ssp585,2005,2027.0,2032.0,2026,2031,2061,0.1,96.7
감,충북,단양군,단양,ssp245,2017,2043.0,2051.0,2026,2031,2061,0.5,33.3
감,충북,단양군,단양,ssp585,2016,2036.0,2041.0,2026,2031,2061,0.5,66.7
감,충남,태안군,태안,ssp245,2012,2036.0,2043.0,2026,2031,2061,4.2,60.0
감,충남,태안군,태안,ssp585,2011,2032.0,2037.0,2026,2031,2061,4.2,80.0
감,경기,고양시,고양,ssp245,2014,2044.0,2053.0,2026,2031,2061,2.0,26.7
감,경기,고양시,고양,ssp585,2014,2037.0,2042.0,2026,2031,2061,2.0,63.3
감,경북,영양군,영양,ssp245,2026,2051.0,2056.0,2026,2031,2061,0.3,16.7
감,경북,영양군,영양,ssp585,2025,2042.0,2045.0,2026,2031,2061,0.3,53.3
감,경북,봉화군,봉화,ssp245,2049,,,2026,2031,2061,0.4,0.0
감,경북,봉화군,봉화,ssp585,2040,2057.0,2060.0,2026,2031,2061,0.4,3.3
감,경기,부천시,부천,ssp245,2005,2018.0,2023.0,2026,2031,2061,2.2,100.0
감,경기,부천시,부천,ssp585,2005,2017.0,2022.0,2026,2031,2061,2.2,100.0
감,충북,제천시,제천,ssp245,2043,,,2026,2031,2061,3.9,0.0
감,충북,제천시,제천,ssp585,2036,2057.0,2061.0,2026,2031,2061,3.9,0.0
감,경기,의정부시,의정부,ssp245,2017,2045.0,2053.0,2026,2031,2061,0.8,26.7
감,경기,의정부시,의정부,ssp585,2015,2037.0,2042.0,2026,2031,2061,0.8,63.3
감,충북,증평군,증평,ssp245,2016,2044.0,2052.0,2026,2031,2061,0.6,30.0
감,충북,증평군,증평,ssp585,2015,2036.0,2041.0,2026,2031,2061,0.6,66.7
감,경기,수원시,수원,ssp245,2007,2026.0,2032.0,2026,2031,2061,2.8,96.7
감,경기,수원시,수원,ssp585,2007,2024.0,2028.0,2026,2031,2061,2.8,100.0
감,충북,음성군,음성,ssp245,2027,2067.0,2077.0,2026,2031,2061,0.5,0.0
감,충북,음성군,음성,ssp585,2025,2049.0,2053.0,2026,2031,2061,0.5,26.7
감,경기,하남시,하남,ssp245,2006,2027.0,2033.0,2026,2031,2061,3.1,93.3
감,경기,하남시,하남,ssp585,2006,2025.0,2029.0,2026,2031,2061,3.1,100.0
감,경기,평택시,평택,ssp245,2005,2022.0,2027.0,2026,2031,2061,0.7,100.0
감,경기,평택시,평택,ssp585,2005,2021.0,2025.0,2026,2031,2061,0.7,100.0
감,경기,양평군,양평,ssp245,2016,2041.0,2049.0,2026,2031,2061,0.3,40.0
감,경기,양평군,양평,ssp585,2015,2035.0,2040.0,2026,2031,2061,0.3,70.0
감,경기,광명시,광명,ssp245,2005,2013.0,2018.0,2026,2031,2061,0.2,100.0
감,경기,광명시,광명,ssp585,2005,2013.0,2017.0,2026,2031,2061,0.2,100.0
감,경기,광주시,광주,ssp245,2005,2014.0,2018.0,2026,2031,2061,0.6,100.0
감,경기,광주시,광주,ssp585,2005,2013.0,2017.0,2026,2031,2061,0.6,100.0
감,경기,이천시,이천,ssp245,2018,2046.0,2054.0,2026,2031,2061,0.4,23.3
감,경기,이천시,이천,ssp585,2017,2038.0,2043.0,2026,2031,2061,0.4,60.0
감,경기,파주시,파주,ssp245,2026,2067.0,2077.0,2026,2031,2061,7.8,0.0
감,경기,파주시,파주,ssp585,2025,2049.0,2053.0,2026,2031,2061,7.8,26.7
감,경기,군포시,군포,ssp245,2005,2016.0,2020.0,2026,2031,2061,4.8,100.0
감,경기,군포시,군포,ssp585,2005,2015.0,2019.0,2026,2031,2061,4.8,100.0
감,경기,과천시,과천,ssp245,2008,2026.0,2031.0,2026,2031,2061,0.1,100.0
감,경기,과천시,과천,ssp585,2007,2024.0,2028.0,2026,2031,2061,0.1,100.0
감,강원,인제군,인제,ssp245,2035,2069.0,2077.0,2026,2031,2061,,0.0
감,강원,인제군,인제,ssp585,2031,2050.0,2054.0,2026,2031,2061,,23.3
감,경기,여주시,여주,ssp245,2017,2045.0,2053.0,2026,2031,2061,,26.7
감,경기,여주시,여주,ssp585,2016,2037.0,2042.0,2026,2031,2061,,63.3
감,강원,원주시,원주,ssp245,2013,2038.0,2046.0,2026,2031,2061,,50.0
감,강원,원주시,원주,ssp585,2012,2032.0,2037.0,2026,2031,2061,,80.0
감,경기,포천시,포천,ssp245,2017,2045.0,2054.0,2026,2031,2061,,23.3
감,경기,포천시,포천,ssp585,2016,2037.0,2042.0,2026,2031,2061,,63.3
감,강원,홍천군,홍천,ssp245,2024,2055.0,2064.0,2026,2031,2061,,0.0
감,강원,홍천군,홍천,ssp585,2023,2043.0,2048.0,2026,2031,2061,,43.3
감,강원,영월군,영월,ssp245,2025,2056.0,2066.0,2026,2031,2061,,0.0
감,강원,영월군,영월,ssp585,2023,2045.0,2049.0,2026,2031,2061,,40.0
감,강원,춘천시,춘천,ssp245,2017,2044.0,2051.0,2026,2031,2061,,33.3
감,강원,춘천시,춘천,ssp585,2016,2036.0,2041.0,2026,2031,2061,,66.7
감,경기,양주시,양주,ssp245,2019,2049.0,2058.0,2026,2031,2061,,10.0
감,경기,양주시,양주,ssp585,2018,2039.0,2044.0,2026,2031,2061,,56.7
감,강원,화천군,화천,ssp245,2029,2065.0,2075.0,2026,2031,2061,,0.0
감,강원,화천군,화천,ssp585,2027,2048.0,2052.0,2026,2031,2061,,30.0
감,경기,동두천시,동두천,ssp245,2020,2051.0,2059.0,2026,2031,2061,,6.7
감,경기,동두천시,동두천,ssp585,2018,2040.0,2045.0,2026,2031,2061,,53.3
감,강원,정선군,정선,ssp245,2029,2060.0,2070.0,2026,2031,2061,,0.0
감,강원,정선군,정선,ssp585,2027,2047.0,2050.0,2026,2031,2061,,36.7
감,강원,평창군,평창,ssp245,2042,,,2026,2031,2061,,0.0
감,강원,평창군,평창,ssp585,2036,2055.0,2059.0,2026,2031,2061,,6.7
감,강원,태백시,태백,ssp245,2066,,,2026,2031,2061,,0.0
감,강원,태백시,태백,ssp585,2049,2062.0,2065.0,2026,2031,2061,,0.0
감,경기,구리시,구리,ssp245,2005,2024.0,2029.0,2026,2031,2061,,100.0
감,경기,구리시,구리,ssp585,2005,2022.0,2026.0,2026,2031,2061,,100.0
감,경기,성남시,성남,ssp245,2005,2017.0,2021.0,2026,2031,2061,,100.0
감,경기,성남시,성남,ssp585,2005,2016.0,2020.0,2026,2031,2061,,100.0
감,제주,서귀포시,서귀포,ssp245,2005,2005.0,2005.0,2026,2031,2061,,100.0
감,제주,서귀포시,서귀포,ssp585,2005,2005.0,2005.0,2026,2031,2061,,100.0
감,강원,횡성군,횡성,ssp245,2023,2055.0,2065.0,2026,2031,2061,,0.0
감,강원,횡성군,횡성,ssp585,2021,2043.0,2048.0,2026,2031,2061,,43.3
